"Address","Content Type","Status Code","Status","Indexability","Indexability Status","Title 1","Title 1 Length","Title 1 Pixel Width","Title 2","Title 2 Length","Title 2 Pixel Width","Meta Description 1","Meta Description 1 Length","Meta Description 1 Pixel Width","Meta Description 2","Meta Description 2 Length","Meta Description 2 Pixel Width","Meta Description 3","Meta Description 3 Length","Meta Description 3 Pixel Width","Meta Keywords 1","Meta Keywords 1 Length","H1-1","H1-1 Length","H2-1","H2-1 Length","H2-2","H2-2 Length","Meta Robots 1","Meta Robots 2","X-Robots-Tag 1","Meta Refresh 1","Canonical Link Element 1","rel=""next"" 1","rel=""prev"" 1","HTTP rel=""next"" 1","HTTP rel=""prev"" 1","amphtml Link Element","Size (bytes)","Transferred (bytes)","Total Transferred (bytes)","CO2 (mg)","Carbon Rating","Word Count","Sentence Count","Average Words Per Sentence","Flesch Reading Ease Score","Readability","Text Ratio","Crawl Depth","Folder Depth","Link Score","Inlinks","Unique Inlinks","Unique JS Inlinks","% of Total","Outlinks","Unique Outlinks","Unique JS Outlinks","External Outlinks","Unique External Outlinks","Unique External JS Outlinks","Closest Near Duplicate Match","No. Near Duplicates","Spelling Errors","Grammar Errors","Hash","Response Time","Last Modified","Redirect URL","Redirect Type","Cookies","Language","HTTP Version","Mobile Alternate Link","Closest Semantically Similar Address","Semantic Similarity Score","No. Semantically Similar","Semantic Relevance Score","URL Encoded Address","Crawl Timestamp"
"https://bestpsychicsadashiva.com/","text/html; charset=UTF-8","200","OK","Indexable","","Psychic Sada Shiva – Private Spiritual Guidance in Hartford","59","522","Psychic Sada Shiva","18","172","One-on-one psychic and spiritual guidance with Psychic Sada Shiva in Hartford, CT. Calm, confidential support for relationships, career choices, and life clarity.","162","979","Psychic Sada Shiva – Psychic & Spiritual Guidance in Hartford, CT","65","406","Psychic Sada Shiva offers confidential psychic and spiritual guidance in Hartford, CT. 7+ Years Experience. Private sessions available online or by appointment. Phone: +1(860) 888-7845.","185","1151","","0","Psychic & Spiritual Guidance for Peace, Direction & Confident Next Steps","72","Find Guidance & Readings in Your State","38","How the Consultation Works","26","index, follow","index, follow","","","","","","","","","105190","35843","35843","13.731","","868","185","4.692","58.604","Fairly Hard","6.621","0","0","","1","1","0","3.450","65","21","0","0","0","0","","","","","4bfd28400a7d5a414c412f5f131089fa","0.832","","","","","en","1.1","","","","","","https://bestpsychicsadashiva.com/","2026-03-06 09:03:42"
"https://bestpsychicsadashiva.com/assets/js/hero.js","text/javascript","200","OK","Indexable","","","0","0","","0","0","","0","0","","0","0","","0","0","","0","","0","","0","","0","","","","","","","","","","","1339","1339","1339","0.513","","0","","","","","0.000","1","2","","0","0","0","0.000","0","0","0","0","0","0","","","","","","0.882","Mon, 12 Jan 2026 07:37:34 GMT","","","","","1.1","","","","","","https://bestpsychicsadashiva.com/assets/js/hero.js","2026-03-06 09:03:47"
"https://bestpsychicsadashiva.com/images/ohio.webp","image/webp","200","OK","Indexable","","","0","0","","0","0","","0","0","","0","0","","0","0","","0","","0","","0","","0","","","","","","","","","","","12286","12286","12286","4.707","","0","","","","","0.000","1","1","","0","0","0","0.000","0","0","0","0","0","0","","","","","","0.889","Fri, 19 Dec 2025 18:42:09 GMT","","","","","1.1","","","","","","https://bestpsychicsadashiva.com/images/ohio.webp","2026-03-06 09:03:47"
"https://bestpsychicsadashiva.com/assets/js/header.js","text/javascript","200","OK","Indexable","","","0","0","","0","0","","0","0","","0","0","","0","0","","0","","0","","0","","0","","","","","","","","","","","1403","1403","1403","0.537","","0","","","","","0.000","1","2","","0","0","0","0.000","0","0","0","0","0","0","","","","","","0.911","Wed, 07 Jan 2026 05:59:14 GMT","","","","","1.1","","","","","","https://bestpsychicsadashiva.com/assets/js/header.js","2026-03-06 09:03:47"
"https://bestpsychicsadashiva.com/services.php?state=Connecticut","text/html; charset=UTF-8","200","OK","Indexable","","Psychic Sada Shiva","18","172","Astrology Services in Connecticut | Love, Marriage & Career Solutions","69","611","Psychic Sada Shiva – Psychic & Spiritual Guidance in Hartford, CT","65","406","Discover expert astrology services in Connecticut including love problem solutions, marriage guidance, career astrology and spiritual remedies.","143","883","","0","0","","0","Astrology Services in Connecticut","33","Witchcraft Removal","18","Negative Energy Removal","23","","","","","","","","","","","101185","13687","13687","5.243","","298","49","6.082","33.165","Hard","3.228","1","0","","60","29","0","100.000","56","28","0","0","0","0","","","","","41114c24ca8fc494f849b8e2a9dc7880","0.964","","","","","en","1.1","","","","","","https://bestpsychicsadashiva.com/services.php?state=Connecticut","2026-03-06 09:03:47"
"https://bestpsychicsadashiva.com/assets/css/hero.css","text/css","200","OK","Indexable","","","0","0","","0","0","","0","0","","0","0","","0","0","","0","","0","","0","","0","","","","","","","","","","","2221","2221","2221","0.851","","0","","","","","0.000","1","2","","0","0","0","0.000","0","0","0","0","0","0","","","","","","0.697","Tue, 13 Jan 2026 05:13:15 GMT","","","","","1.1","","","","","","https://bestpsychicsadashiva.com/assets/css/hero.css","2026-03-06 09:03:48"
"https://bestpsychicsadashiva.com/images/connecticut.webp","image/webp","200","OK","Indexable","","","0","0","","0","0","","0","0","","0","0","","0","0","","0","","0","","0","","0","","","","","","","","","","","11106","11106","11106","4.254","","0","","","","","0.000","1","1","","0","0","0","0.000","0","0","0","0","0","0","","","","","","0.715","Fri, 19 Dec 2025 18:42:09 GMT","","","","","1.1","","","","","","https://bestpsychicsadashiva.com/images/connecticut.webp","2026-03-06 09:03:48"
"https://bestpsychicsadashiva.com/images/pennsylvania.webp","image/webp","200","OK","Indexable","","","0","0","","0","0","","0","0","","0","0","","0","0","","0","","0","","0","","0","","","","","","","","","","","11214","11214","11214","4.296","","0","","","","","0.000","1","1","","0","0","0","0.000","0","0","0","0","0","0","","","","","","2.316","Fri, 19 Dec 2025 18:42:09 GMT","","","","","1.1","","","","","","https://bestpsychicsadashiva.com/images/pennsylvania.webp","2026-03-06 09:03:47"
"https://bestpsychicsadashiva.com/images/florida.webp","image/webp","200","OK","Indexable","","","0","0","","0","0","","0","0","","0","0","","0","0","","0","","0","","0","","0","","","","","","","","","","","15548","15548","15548","5.956","","0","","","","","0.000","1","1","","0","0","0","0.000","0","0","0","0","0","0","","","","","","0.732","Fri, 19 Dec 2025 18:42:09 GMT","","","","","1.1","","","","","","https://bestpsychicsadashiva.com/images/florida.webp","2026-03-06 09:03:49"
"https://bestpsychicsadashiva.com/images/illinois.webp","image/webp","200","OK","Indexable","","","0","0","","0","0","","0","0","","0","0","","0","0","","0","","0","","0","","0","","","","","","","","","","","15968","15968","15968","6.117","","0","","","","","0.000","1","1","","0","0","0","0.000","0","0","0","0","0","0","","","","","","0.724","Fri, 19 Dec 2025 18:42:09 GMT","","","","","1.1","","","","","","https://bestpsychicsadashiva.com/images/illinois.webp","2026-03-06 09:03:50"
"https://bestpsychicsadashiva.com/assets/css/header.css","text/css","200","OK","Indexable","","","0","0","","0","0","","0","0","","0","0","","0","0","","0","","0","","0","","0","","","","","","","","","","","4039","4039","4039","1.547","","0","","","","","0.000","1","2","","0","0","0","0.000","0","0","0","0","0","0","","","","","","2.161","Wed, 07 Jan 2026 07:26:19 GMT","","","","","1.1","","","","","","https://bestpsychicsadashiva.com/assets/css/header.css","2026-03-06 09:03:48"
"https://bestpsychicsadashiva.com/services.php?state=California","text/html; charset=UTF-8","200","OK","Indexable","","Psychic Sada Shiva","18","172","Astrology Services in California | Love, Marriage & Career Solutions","68","587","Psychic Sada Shiva – Psychic & Spiritual Guidance in Hartford, CT","65","406","Discover expert astrology services in California including love problem solutions, marriage guidance, career astrology and spiritual remedies.","142","867","","0","0","","0","Astrology Services in California","32","Demon Forces","12","Vashikaran Specialist","21","","","","","","","","","","","101180","13685","13685","5.242","","298","49","6.082","32.314","Hard","3.225","1","0","","60","29","0","100.000","56","28","0","0","0","0","","","","","3698b9ad4e50c25d4c1a799e1da1c202","0.694","","","","","en","1.1","","","","","","https://bestpsychicsadashiva.com/services.php?state=California","2026-03-06 09:03:49"
"https://bestpsychicsadashiva.com/services.php?state=Florida","text/html; charset=UTF-8","200","OK","Indexable","","Psychic Sada Shiva","18","172","Astrology Services in Florida | Love, Marriage & Career Solutions","65","563","Psychic Sada Shiva – Psychic & Spiritual Guidance in Hartford, CT","65","406","Discover expert astrology services in Florida including love problem solutions, marriage guidance, career astrology and spiritual remedies.","139","850","","0","0","","0","Astrology Services in Florida","29","Negative Energy Removal","23","Voodoo Energy Removal","21","","","","","","","","","","","101165","13679","13679","5.240","","298","49","6.082","34.017","Hard","3.217","1","0","","60","29","0","100.000","56","28","0","0","0","0","","","","","3a790da2c2ee4e0bb4d98b7ce5c941ac","0.757","","","","","en","1.1","","","","","","https://bestpsychicsadashiva.com/services.php?state=Florida","2026-03-06 09:03:49"
"https://bestpsychicsadashiva.com/images/georgia.webp","image/webp","200","OK","Indexable","","","0","0","","0","0","","0","0","","0","0","","0","0","","0","","0","","0","","0","","","","","","","","","","","18558","18558","18558","7.109","","0","","","","","0.000","1","1","","0","0","0","0.000","0","0","0","0","0","0","","","","","","0.751","Fri, 19 Dec 2025 18:42:09 GMT","","","","","1.1","","","","","","https://bestpsychicsadashiva.com/images/georgia.webp","2026-03-06 09:03:50"
"https://bestpsychicsadashiva.com/images/arizona.webp","image/webp","200","OK","Indexable","","","0","0","","0","0","","0","0","","0","0","","0","0","","0","","0","","0","","0","","","","","","","","","","","19898","19898","19898","7.623","","0","","","","","0.000","1","1","","0","0","0","0.000","0","0","0","0","0","0","","","","","","0.795","Fri, 19 Dec 2025 18:47:35 GMT","","","","","1.1","","","","","","https://bestpsychicsadashiva.com/images/arizona.webp","2026-03-06 09:03:51"
"https://bestpsychicsadashiva.com/services.php?state=Georgia","text/html; charset=UTF-8","200","OK","Indexable","","Psychic Sada Shiva","18","172","Astrology Services in Georgia | Love, Marriage & Career Solutions","65","571","Psychic Sada Shiva – Psychic & Spiritual Guidance in Hartford, CT","65","406","Discover expert astrology services in Georgia including love problem solutions, marriage guidance, career astrology and spiritual remedies.","139","855","","0","0","","0","Astrology Services in Georgia","29","Vashikaran Specialist","21","Demon Forces","12","","","","","","","","","","","101165","13683","13683","5.242","","298","49","6.082","34.017","Hard","3.217","1","0","","60","29","0","100.000","56","28","0","0","0","0","","","","","1bc9d5152b10216b8272266067c2024e","0.758","","","","","en","1.1","","","","","","https://bestpsychicsadashiva.com/services.php?state=Georgia","2026-03-06 09:03:50"
"https://bestpsychicsadashiva.com/contact-us.php","text/html; charset=iso-8859-1","409","Conflict","Non-Indexable","Client Error","","0","0","","0","0","","0","0","","0","0","","0","0","","0","","0","","0","","0","","","","","","","","","","","83","83","83","0.032","","0","","","","","0.000","1","0","","207","29","0","100.000","0","0","0","0","0","0","","","","","","0.799","","","","","","1.1","","","","","","https://bestpsychicsadashiva.com/contact-us.php","2026-03-06 09:03:51"
"https://bestpsychicsadashiva.com/services.php?state=Illinois","text/html; charset=UTF-8","200","OK","Indexable","","Psychic Sada Shiva","18","172","Astrology Services in Illinois | Love, Marriage & Career Solutions","66","559","Psychic Sada Shiva – Psychic & Spiritual Guidance in Hartford, CT","65","406","Discover expert astrology services in Illinois including love problem solutions, marriage guidance, career astrology and spiritual remedies.","140","848","","0","0","","0","Astrology Services in Illinois","30","Black Magic Removal","19","Jinn Removal","12","","","","","","","","","","","101170","13685","13685","5.242","","298","49","6.082","34.017","Hard","3.220","1","0","","60","29","0","100.000","56","28","0","0","0","0","","","","","4ccd9669ecfbad326ed7f86ad9f81230","0.801","","","","","en","1.1","","","","","","https://bestpsychicsadashiva.com/services.php?state=Illinois","2026-03-06 09:03:51"
"https://bestpsychicsadashiva.com/services.php?state=New+York","text/html; charset=UTF-8","200","OK","Indexable","","Psychic Sada Shiva","18","172","Astrology Services in New York | Love, Marriage & Career Solutions","66","587","Psychic Sada Shiva – Psychic & Spiritual Guidance in Hartford, CT","65","406","Discover expert astrology services in New York including love problem solutions, marriage guidance, career astrology and spiritual remedies.","140","867","","0","0","","0","Astrology Services in New York","30","Jinn Removal","12","Demon Forces","12","","","","","","","","","","","101170","13689","13689","5.244","","301","49","6.143","36.459","Hard","3.220","1","0","","60","29","0","100.000","56","28","0","0","0","0","","","","","10467d8af1d46ea186f87f6b340d24d1","0.796","","","","","en","1.1","","","","","","https://bestpsychicsadashiva.com/services.php?state=New+York","2026-03-06 09:03:51"
"https://bestpsychicsadashiva.com/images/massachusetts.webp","image/webp","200","OK","Indexable","","","0","0","","0","0","","0","0","","0","0","","0","0","","0","","0","","0","","0","","","","","","","","","","","17144","17144","17144","6.568","","0","","","","","0.000","1","1","","0","0","0","0.000","0","0","0","0","0","0","","","","","","0.719","Fri, 19 Dec 2025 18:47:35 GMT","","","","","1.1","","","","","","https://bestpsychicsadashiva.com/images/massachusetts.webp","2026-03-06 09:03:52"
"https://bestpsychicsadashiva.com/services.php?state=Virginia","text/html; charset=UTF-8","200","OK","Indexable","","Psychic Sada Shiva","18","172","Astrology Services in Virginia | Love, Marriage & Career Solutions","66","569","Psychic Sada Shiva – Psychic & Spiritual Guidance in Hartford, CT","65","406","Discover expert astrology services in Virginia including love problem solutions, marriage guidance, career astrology and spiritual remedies.","140","854","","0","0","","0","Astrology Services in Virginia","30","Negative Energy Removal","23","Vashikaran Specialist","21","","","","","","","","","","","101170","13681","13681","5.241","","298","49","6.082","33.165","Hard","3.220","1","0","","60","29","0","100.000","56","28","0","0","0","0","","","","","1649b068409da50376b73030814ec680","0.820","","","","","en","1.1","","","","","","https://bestpsychicsadashiva.com/services.php?state=Virginia","2026-03-06 09:03:52"
"https://bestpsychicsadashiva.com/images/virginia.webp","image/webp","200","OK","Indexable","","","0","0","","0","0","","0","0","","0","0","","0","0","","0","","0","","0","","0","","","","","","","","","","","13808","13808","13808","5.290","","0","","","","","0.000","1","1","","0","0","0","0.000","0","0","0","0","0","0","","","","","","0.695","Fri, 19 Dec 2025 18:47:35 GMT","","","","","1.1","","","","","","https://bestpsychicsadashiva.com/images/virginia.webp","2026-03-06 09:03:53"
"https://bestpsychicsadashiva.com/index.php","text/html; charset=UTF-8","200","OK","Indexable","","Psychic Sada Shiva – Private Spiritual Guidance in Hartford","59","522","Psychic Sada Shiva","18","172","One-on-one psychic and spiritual guidance with Psychic Sada Shiva in Hartford, CT. Calm, confidential support for relationships, career choices, and life clarity.","162","979","Psychic Sada Shiva – Psychic & Spiritual Guidance in Hartford, CT","65","406","Psychic Sada Shiva offers confidential psychic and spiritual guidance in Hartford, CT. 7+ Years Experience. Private sessions available online or by appointment. Phone: +1(860) 888-7845.","185","1151","","0","Psychic & Spiritual Guidance for Peace, Direction & Confident Next Steps","72","Find Guidance & Readings in Your State","38","How the Consultation Works","26","index, follow","index, follow","","","","","","","","","105190","35843","35843","13.731","","868","185","4.692","58.604","Fairly Hard","6.621","1","0","","117","29","0","100.000","65","20","0","0","0","0","","","","","4bfd28400a7d5a414c412f5f131089fa","0.756","","","","","en","1.1","","","","","","https://bestpsychicsadashiva.com/index.php","2026-03-06 09:03:52"
"https://bestpsychicsadashiva.com/live-sessions.php","text/html; charset=UTF-8","200","OK","Indexable","","Psychic Sada Shiva | Book Live Guidance","39","361","Psychic Sada Shiva","18","172","Book live tarot, 1:1 video sessions, instant chat guidance, and emergency readings with Psychic Sada Shiva in Hartford, CT. Real-time availability and limited slots.","165","999","Psychic Sada Shiva – Psychic & Spiritual Guidance in Hartford, CT","65","406","","0","0","","0","🟢 Psychic Sada Shiva","21","Live Tarot Reading","18","One-to-One Video Session","24","","","","","","","","","","","43552","12971","12971","4.969","","282","87","3.241","65.845","Normal","6.799","1","0","","87","29","0","100.000","47","19","0","7","7","0","","","","","9a50c53e5c9930af537f28b95cd968ca","0.843","","","","","en","1.1","","","","","","https://bestpsychicsadashiva.com/live-sessions.php","2026-03-06 09:03:52"
"https://bestpsychicsadashiva.com/images/new-york.webp","image/webp","200","OK","Indexable","","","0","0","","0","0","","0","0","","0","0","","0","0","","0","","0","","0","","0","","","","","","","","","","","15968","15968","15968","6.117","","0","","","","","0.000","1","1","","0","0","0","0.000","0","0","0","0","0","0","","","","","","0.727","Fri, 19 Dec 2025 18:42:09 GMT","","","","","1.1","","","","","","https://bestpsychicsadashiva.com/images/new-york.webp","2026-03-06 09:03:53"
"https://bestpsychicsadashiva.com/images/california.webp","image/webp","200","OK","Indexable","","","0","0","","0","0","","0","0","","0","0","","0","0","","0","","0","","0","","0","","","","","","","","","","","12356","12356","12356","4.733","","0","","","","","0.000","1","1","","0","0","0","0.000","0","0","0","0","0","0","","","","","","0.769","Fri, 19 Dec 2025 18:47:35 GMT","","","","","1.1","","","","","","https://bestpsychicsadashiva.com/images/california.webp","2026-03-06 09:03:54"
"https://bestpsychicsadashiva.com/services.php?state=Pennsylvania","text/html; charset=UTF-8","200","OK","Indexable","","Psychic Sada Shiva","18","172","Astrology Services in Pennsylvania | Love, Marriage & Career Solutions","70","620","Psychic Sada Shiva – Psychic & Spiritual Guidance in Hartford, CT","65","406","Discover expert astrology services in Pennsylvania including love problem solutions, marriage guidance, career astrology and spiritual remedies.","144","889","","0","0","","0","Astrology Services in Pennsylvania","34","Jinn Removal","12","Negative Energy Removal","23","","","","","","","","","","","101190","13689","13689","5.244","","298","49","6.082","32.314","Hard","3.231","1","0","","60","29","0","100.000","56","28","0","0","0","0","","","","","d4fb329e043ef665c497b3941e82dde8","0.751","","","","","en","1.1","","","","","","https://bestpsychicsadashiva.com/services.php?state=Pennsylvania","2026-03-06 09:03:53"
"https://bestpsychicsadashiva.com/services.php?state=Texas","text/html; charset=UTF-8","200","OK","Indexable","","Psychic Sada Shiva","18","172","Astrology Services in Texas | Love, Marriage & Career Solutions","63","556","Psychic Sada Shiva – Psychic & Spiritual Guidance in Hartford, CT","65","406","Discover expert astrology services in Texas including love problem solutions, marriage guidance, career astrology and spiritual remedies.","137","845","","0","0","","0","Astrology Services in Texas","27","Witchcraft Removal","18","Voodoo Energy Removal","21","","","","","","","","","","","101155","13678","13678","5.240","","298","49","6.082","34.869","Hard","3.211","1","0","","60","29","0","100.000","56","28","0","0","0","0","","","","","d2e0921251dbe2ce2c78f36ccadfc7d9","0.850","","","","","en","1.1","","","","","","https://bestpsychicsadashiva.com/services.php?state=Texas","2026-03-06 09:03:53"
"https://bestpsychicsadashiva.com/services.php?state=Michigan","text/html; charset=UTF-8","200","OK","Indexable","","Psychic Sada Shiva","18","172","Astrology Services in Michigan | Love, Marriage & Career Solutions","66","585","Psychic Sada Shiva – Psychic & Spiritual Guidance in Hartford, CT","65","406","Discover expert astrology services in Michigan including love problem solutions, marriage guidance, career astrology and spiritual remedies.","140","865","","0","0","","0","Astrology Services in Michigan","30","Black Magic Removal","19","Hex Removal","11","","","","","","","","","","","101170","13679","13679","5.240","","298","49","6.082","34.017","Hard","3.220","1","0","","58","29","0","100.000","56","28","0","0","0","0","","","","","8bb2b4cbe3d4e266b0ac11cd7b2a05f8","0.930","","","","","en","1.1","","","","","","https://bestpsychicsadashiva.com/services.php?state=Michigan","2026-03-06 09:03:54"
"https://bestpsychicsadashiva.com/services.php?state=North+Carolina","text/html; charset=UTF-8","200","OK","Indexable","","Psychic Sada Shiva","18","172","Astrology Services in North Carolina | Love, Marriage & Career Solutions","72","631","Psychic Sada Shiva – Psychic & Spiritual Guidance in Hartford, CT","65","406","Discover expert astrology services in North Carolina including love problem solutions, marriage guidance, career astrology and spiritual remedies.","146","897","","0","0","","0","Astrology Services in North Carolina","36","Hex Removal","11","Voodoo Energy Removal","21","","","","","","","","","","","101200","13686","13686","5.243","","301","49","6.143","33.930","Hard","3.237","1","0","","60","29","0","100.000","56","28","0","0","0","0","","","","","5beb20f52e0a3fb24dbf02d0ebcb4b3b","0.923","","","","","en","1.1","","","","","","https://bestpsychicsadashiva.com/services.php?state=North+Carolina","2026-03-06 09:03:54"
"https://bestpsychicsadashiva.com/images/washington.webp","image/webp","200","OK","Indexable","","","0","0","","0","0","","0","0","","0","0","","0","0","","0","","0","","0","","0","","","","","","","","","","","11064","11064","11064","4.238","","0","","","","","0.000","1","1","","0","0","0","0.000","0","0","0","0","0","0","","","","","","0.841","Fri, 19 Dec 2025 18:42:09 GMT","","","","","1.1","","","","","","https://bestpsychicsadashiva.com/images/washington.webp","2026-03-06 09:03:55"
"https://bestpsychicsadashiva.com/images/new-jersey.webp","image/webp","200","OK","Indexable","","","0","0","","0","0","","0","0","","0","0","","0","0","","0","","0","","0","","0","","","","","","","","","","","11064","11064","11064","4.238","","0","","","","","0.000","1","1","","0","0","0","0.000","0","0","0","0","0","0","","","","","","0.897","Fri, 19 Dec 2025 18:42:09 GMT","","","","","1.1","","","","","","https://bestpsychicsadashiva.com/images/new-jersey.webp","2026-03-06 09:03:55"
"https://bestpsychicsadashiva.com/personal-readings.php","text/html; charset=UTF-8","200","OK","Indexable","","Psychic Sada Shiva","18","172","","0","0","Psychic Sada Shiva – Psychic & Spiritual Guidance in Hartford, CT","65","406","","0","0","","0","0","","0","","0","Deeply Personalized Guidance with Psychic Sada Shiva","52","","0","","","","","","","","","","","39338","12957","12957","4.964","","432","90","4.800","57.242","Fairly Hard","10.381","1","0","","93","29","0","100.000","53","19","0","0","0","0","","","","","aa9c43249da7a3439c9f164ef999d07e","0.790","","","","","en","1.1","","","","","","https://bestpsychicsadashiva.com/personal-readings.php","2026-03-06 09:03:54"
"https://bestpsychicsadashiva.com/images/logo.png","image/png","200","OK","Indexable","","","0","0","","0","0","","0","0","","0","0","","0","0","","0","","0","","0","","0","","","","","","","","","","","2017866","2017866","2017866","773.006","","0","","","","","0.000","1","1","","0","0","0","0.000","0","0","0","0","0","0","","","","","","0.746","Mon, 12 Jan 2026 09:15:08 GMT","","","","","1.1","","","","","","https://bestpsychicsadashiva.com/images/logo.png","2026-03-06 09:03:55"
"https://bestpsychicsadashiva.com/images/north-carolina.webp","text/html; charset=iso-8859-1","404","Not Found","Non-Indexable","Client Error","","0","0","","0","0","","0","0","","0","0","","0","0","","0","","0","","0","","0","","","","","","","","","","","355","355","355","0.136","","0","","","","","0.000","1","1","","0","0","0","0.000","0","0","0","0","0","0","","","","","","0.674","","","","","","1.1","","","","","","https://bestpsychicsadashiva.com/images/north-carolina.webp","2026-03-06 09:03:56"
"https://bestpsychicsadashiva.com/images/texas.webp","image/webp","200","OK","Indexable","","","0","0","","0","0","","0","0","","0","0","","0","0","","0","","0","","0","","0","","","","","","","","","","","11442","11442","11442","4.383","","0","","","","","0.000","1","1","","0","0","0","0.000","0","0","0","0","0","0","","","","","","0.705","Fri, 19 Dec 2025 18:42:09 GMT","","","","","1.1","","","","","","https://bestpsychicsadashiva.com/images/texas.webp","2026-03-06 09:03:56"
"https://bestpsychicsadashiva.com/services.php?state=Ohio","text/html; charset=UTF-8","200","OK","Indexable","","Psychic Sada Shiva","18","172","Astrology Services in Ohio | Love, Marriage & Career Solutions","62","544","Psychic Sada Shiva – Psychic & Spiritual Guidance in Hartford, CT","65","406","Discover expert astrology services in Ohio including love problem solutions, marriage guidance, career astrology and spiritual remedies.","136","836","","0","0","","0","Astrology Services in Ohio","26","Witchcraft Removal","18","Evil Spirits Removal","20","","","","","","","","","","","101150","13677","13677","5.239","","298","49","6.082","34.869","Hard","3.209","1","0","","2","2","0","6.900","56","28","0","0","0","0","","","","","5b990d61a8ba120372abf7242a47cddb","0.768","","","","","en","1.1","","","","","","https://bestpsychicsadashiva.com/services.php?state=Ohio","2026-03-06 09:03:56"
"https://bestpsychicsadashiva.com/services.php?state=Arizona","text/html; charset=UTF-8","200","OK","Indexable","","Psychic Sada Shiva","18","172","Astrology Services in Arizona | Love, Marriage & Career Solutions","65","571","Psychic Sada Shiva – Psychic & Spiritual Guidance in Hartford, CT","65","406","Discover expert astrology services in Arizona including love problem solutions, marriage guidance, career astrology and spiritual remedies.","139","855","","0","0","","0","Astrology Services in Arizona","29","Vashikaran Specialist","21","Evil Spirits Removal","20","","","","","","","","","","","101165","13684","13684","5.242","","298","49","6.082","33.165","Hard","3.217","1","0","","60","29","0","100.000","56","28","0","0","0","0","","","","","fae4b6ef1d4cfafaa436ee8f80f51f34","0.806","","","","","en","1.1","","","","","","https://bestpsychicsadashiva.com/services.php?state=Arizona","2026-03-06 09:03:56"
"https://bestpsychicsadashiva.com/services.php?state=Massachusetts","text/html; charset=UTF-8","200","OK","Indexable","","Psychic Sada Shiva","18","172","Astrology Services in Massachusetts | Love, Marriage & Career Solutions","71","639","Psychic Sada Shiva – Psychic & Spiritual Guidance in Hartford, CT","65","406","Discover expert astrology services in Massachusetts including love problem solutions, marriage guidance, career astrology and spiritual remedies.","145","903","","0","0","","0","Astrology Services in Massachusetts","35","Hex Removal","11","Voodoo Energy Removal","21","","","","","","","","","","","101195","13689","13689","5.244","","298","49","6.082","33.165","Hard","3.234","1","0","","60","29","0","100.000","56","28","0","0","0","0","","","","","fe20446dbcb83da5a989f42ee816affd","0.711","","","","","en","1.1","","","","","","https://bestpsychicsadashiva.com/services.php?state=Massachusetts","2026-03-06 09:03:56"
"https://bestpsychicsadashiva.com/services.php?state=New+Jersey","text/html; charset=UTF-8","200","OK","Indexable","","Psychic Sada Shiva","18","172","Astrology Services in New Jersey | Love, Marriage & Career Solutions","68","606","Psychic Sada Shiva – Psychic & Spiritual Guidance in Hartford, CT","65","406","Discover expert astrology services in New Jersey including love problem solutions, marriage guidance, career astrology and spiritual remedies.","142","880","","0","0","","0","Astrology Services in New Jersey","32","Voodoo Energy Removal","21","Black Magic Removal","19","","","","","","","","","","","101180","13690","13690","5.244","","301","49","6.143","35.616","Hard","3.225","1","0","","60","29","0","100.000","56","28","0","0","0","0","","","","","1a51d943442b123d65be75ef9ab5b3a4","0.710","","","","","en","1.1","","","","","","https://bestpsychicsadashiva.com/services.php?state=New+Jersey","2026-03-06 09:03:56"
"https://bestpsychicsadashiva.com/services.php?state=Washington","text/html; charset=UTF-8","200","OK","Indexable","","Psychic Sada Shiva","18","172","Astrology Services in Washington | Love, Marriage & Career Solutions","68","609","Psychic Sada Shiva – Psychic & Spiritual Guidance in Hartford, CT","65","406","Discover expert astrology services in Washington including love problem solutions, marriage guidance, career astrology and spiritual remedies.","142","883","","0","0","","0","Astrology Services in Washington","32","Voodoo Energy Removal","21","Witchcraft Removal","18","","","","","","","","","","","101180","13686","13686","5.243","","298","49","6.082","34.017","Hard","3.225","1","0","","60","29","0","100.000","56","28","0","0","0","0","","","","","daa2fc0d53f9ef11b1e2a3a5adbc2bd0","0.789","","","","","en","1.1","","","","","","https://bestpsychicsadashiva.com/services.php?state=Washington","2026-03-06 09:03:57"
"https://bestpsychicsadashiva.com/hex-removal.php","text/html; charset=UTF-8","200","OK","Indexable","","Hex Removal Specialist","22","207","Psychic Sada Shiva","18","172","Psychic Sada Shiva – Psychic & Spiritual Guidance in Hartford, CT","65","406","","0","0","","0","0","","0","Hex Removal Specialist","22","","0","","0","","","","","","","","","","","25507","7715","7715","2.955","","150","26","5.769","25.011","Very Hard","8.969","2","0","","16","16","0","55.170","47","19","0","1","1","0","","","","","a2fd2f10f9af243c973315a1232f4a2f","0.843","","","","","en","1.1","","","","","","https://bestpsychicsadashiva.com/hex-removal.php","2026-03-06 09:03:58"
"https://bestpsychicsadashiva.com/jinn-removal.php","text/html; charset=UTF-8","200","OK","Indexable","","Jinn Removal Specialist","23","211","Psychic Sada Shiva","18","172","Psychic Sada Shiva – Psychic & Spiritual Guidance in Hartford, CT","65","406","","0","0","","0","0","","0","Jinn Removal Specialist","23","","0","","0","","","","","","","","","","","25851","7870","7870","3.015","","156","28","5.571","31.980","Hard","9.148","2","0","","16","16","0","55.170","47","19","0","1","1","0","","","","","9fe902f9e00af2b1ea3e6373d9f4c81a","0.820","","","","","en","1.1","","","","","","https://bestpsychicsadashiva.com/jinn-removal.php","2026-03-06 09:03:58"
"https://bestpsychicsadashiva.com/negative-energy-removal.php","text/html; charset=UTF-8","200","OK","Indexable","","Negative Energy Removal Specialist","34","316","Psychic Sada Shiva","18","172","Psychic Sada Shiva – Psychic & Spiritual Guidance in Hartford, CT","65","406","","0","0","","0","0","","0","Negative Energy Removal Specialist","34","","0","","0","","","","","","","","","","","25601","7758","7758","2.972","","155","25","6.200","32.979","Hard","8.893","2","0","","16","16","0","55.170","47","19","0","1","1","0","","","","","7e2f1c486fef2fd84968a74cfb651fe1","0.803","","","","","en","1.1","","","","","","https://bestpsychicsadashiva.com/negative-energy-removal.php","2026-03-06 09:03:58"
"https://bestpsychicsadashiva.com/demon-forces.php","text/html; charset=UTF-8","200","OK","Indexable","","Demon Forces Removal Specialist","31","301","Psychic Sada Shiva","18","172","Psychic Sada Shiva – Psychic & Spiritual Guidance in Hartford, CT","65","406","","0","0","","0","0","","0","Demon Forces Removal Specialist","31","","0","","0","","","","","","","","","","","25851","7880","7880","3.019","","154","27","5.704","29.648","Very Hard","8.970","2","0","","16","16","0","55.170","47","19","0","1","1","0","","","","","df8b887c893e3b8e793ac3c79473850f","0.801","","","","","en","1.1","","","","","","https://bestpsychicsadashiva.com/demon-forces.php","2026-03-06 09:03:58"
"https://bestpsychicsadashiva.com/evil-spirits-removal.php","text/html; charset=UTF-8","200","OK","Indexable","","Evil Spirits Removal Specialist","31","263","Psychic Sada Shiva","18","172","Psychic Sada Shiva – Psychic & Spiritual Guidance in Hartford, CT","65","406","","0","0","","0","0","","0","Evil Spirits Removal Specialist","31","","0","","0","","","","","","","","","","","25835","7863","7863","3.012","","158","27","5.852","32.766","Hard","9.049","2","0","","16","16","0","55.170","47","19","0","1","1","0","","","","","8199dd8dd07327731b839ffbb2e41c85","0.862","","","","","en","1.1","","","","","","https://bestpsychicsadashiva.com/evil-spirits-removal.php","2026-03-06 09:03:58"
"https://bestpsychicsadashiva.com/images/evil-spirits-removal.webp","image/webp","200","OK","Indexable","","","0","0","","0","0","","0","0","","0","0","","0","0","","0","","0","","0","","0","","","","","","","","","","","162016","162016","162016","62.065","","0","","","","","0.000","3","1","","0","0","0","0.000","0","0","0","0","0","0","","","","","","0.728","Wed, 24 Dec 2025 05:03:53 GMT","","","","","1.1","","","","","","https://bestpsychicsadashiva.com/images/evil-spirits-removal.webp","2026-03-06 09:03:59"
"https://bestpsychicsadashiva.com/voodoo-energy-removal.php","text/html; charset=UTF-8","200","OK","Indexable","","Voodoo Energy Removal Specialist","32","307","Psychic Sada Shiva","18","172","Psychic Sada Shiva – Psychic & Spiritual Guidance in Hartford, CT","65","406","","0","0","","0","0","","0","Voodoo Energy Removal Specialist","32","","0","","0","","","","","","","","","","","25666","7794","7794","2.986","","157","28","5.607","27.633","Very Hard","9.046","2","0","","16","16","0","55.170","47","19","0","1","1","0","","","","","2a25ca1964346930f0a7fc3508ea32bb","0.732","","","","","en","1.1","","","","","","https://bestpsychicsadashiva.com/voodoo-energy-removal.php","2026-03-06 09:03:59"
"https://bestpsychicsadashiva.com/black-magic-removal.php","text/html; charset=UTF-8","200","OK","Indexable","","Black Magic Removal Specialist","30","280","Psychic Sada Shiva","18","172","Psychic Sada Shiva – Psychic & Spiritual Guidance in Hartford, CT","65","406","","0","0","","0","0","","0","Black Magic Removal Specialist","30","","0","","0","","","","","","","","","","","25456","7686","7686","2.944","","146","25","5.840","30.548","Hard","8.782","2","0","","16","16","0","55.170","47","19","0","1","1","0","","","","","4ef22fa1c4909a7b34f62a56fe6ee23c","0.767","","","","","en","1.1","","","","","","https://bestpsychicsadashiva.com/black-magic-removal.php","2026-03-06 09:03:59"
"https://bestpsychicsadashiva.com/witchcraft-removal.php","text/html; charset=UTF-8","200","OK","Indexable","","Witchcraft Removal Specialist","29","265","Psychic Sada Shiva","18","172","Psychic Sada Shiva – Psychic & Spiritual Guidance in Hartford, CT","65","406","","0","0","","0","0","","0","Witchcraft Removal Specialist","29","","0","","0","","","","","","","","","","","25635","7784","7784","2.982","","149","27","5.519","33.737","Hard","8.979","2","0","","16","16","0","55.170","47","19","0","1","1","0","","","","","b53d94809bd88ebccfe7edd4d173ec5a","0.728","","","","","en","1.1","","","","","","https://bestpsychicsadashiva.com/witchcraft-removal.php","2026-03-06 09:03:59"
"https://bestpsychicsadashiva.com/vashikaran-specialist.php","text/html; charset=UTF-8","200","OK","Indexable","","Vashikaran Specialist","21","189","Psychic Sada Shiva","18","172","Psychic Sada Shiva – Psychic & Spiritual Guidance in Hartford, CT","65","406","","0","0","","0","0","","0","Vashikaran Specialist","21","","0","","0","","","","","","","","","","","25637","7757","7757","2.972","","150","27","5.556","25.792","Very Hard","8.947","2","0","","16","16","0","55.170","47","19","0","1","1","0","","","","","4de2af806d98a749113bc2f2ecb09408","0.734","","","","","en","1.1","","","","","","https://bestpsychicsadashiva.com/vashikaran-specialist.php","2026-03-06 09:03:59"
"https://bestpsychicsadashiva.com/images/voodoo-energy-removal.webp","image/webp","200","OK","Indexable","","","0","0","","0","0","","0","0","","0","0","","0","0","","0","","0","","0","","0","","","","","","","","","","","35656","35656","35656","13.659","","0","","","","","0.000","3","1","","0","0","0","0.000","0","0","0","0","0","0","","","","","","0.796","Wed, 24 Dec 2025 05:03:53 GMT","","","","","1.1","","","","","","https://bestpsychicsadashiva.com/images/voodoo-energy-removal.webp","2026-03-06 09:04:00"
"https://bestpsychicsadashiva.com/images/black-magic-removal1.webp","image/webp","200","OK","Indexable","","","0","0","","0","0","","0","0","","0","0","","0","0","","0","","0","","0","","0","","","","","","","","","","","20424","20424","20424","7.824","","0","","","","","0.000","3","1","","0","0","0","0.000","0","0","0","0","0","0","","","","","","0.831","Wed, 24 Dec 2025 05:03:53 GMT","","","","","1.1","","","","","","https://bestpsychicsadashiva.com/images/black-magic-removal1.webp","2026-03-06 09:04:00"
"https://bestpsychicsadashiva.com/images/vashikaran-specialist.webp","image/webp","200","OK","Indexable","","","0","0","","0","0","","0","0","","0","0","","0","0","","0","","0","","0","","0","","","","","","","","","","","77292","77292","77292","29.609","","0","","","","","0.000","3","1","","0","0","0","0.000","0","0","0","0","0","0","","","","","","0.815","Wed, 24 Dec 2025 05:03:53 GMT","","","","","1.1","","","","","","https://bestpsychicsadashiva.com/images/vashikaran-specialist.webp","2026-03-06 09:04:01"
"https://bestpsychicsadashiva.com/images/witchcraft-removal.webp","image/webp","200","OK","Indexable","","","0","0","","0","0","","0","0","","0","0","","0","0","","0","","0","","0","","0","","","","","","","","","","","56408","56408","56408","21.609","","0","","","","","0.000","3","1","","0","0","0","0.000","0","0","0","0","0","0","","","","","","0.785","Wed, 24 Dec 2025 05:03:53 GMT","","","","","1.1","","","","","","https://bestpsychicsadashiva.com/images/witchcraft-removal.webp","2026-03-06 09:04:01"
"https://bestpsychicsadashiva.com/images/demon-forces.webp","image/webp","200","OK","Indexable","","","0","0","","0","0","","0","0","","0","0","","0","0","","0","","0","","0","","0","","","","","","","","","","","132592","132592","132592","50.793","","0","","","","","0.000","3","1","","0","0","0","0.000","0","0","0","0","0","0","","","","","","0.725","Wed, 24 Dec 2025 05:03:53 GMT","","","","","1.1","","","","","","https://bestpsychicsadashiva.com/images/demon-forces.webp","2026-03-06 09:04:01"
"https://bestpsychicsadashiva.com/images/negative-energy-removal.webp","image/webp","200","OK","Indexable","","","0","0","","0","0","","0","0","","0","0","","0","0","","0","","0","","0","","0","","","","","","","","","","","67302","67302","67302","25.782","","0","","","","","0.000","3","1","","0","0","0","0.000","0","0","0","0","0","0","","","","","","0.694","Wed, 24 Dec 2025 05:03:53 GMT","","","","","1.1","","","","","","https://bestpsychicsadashiva.com/images/negative-energy-removal.webp","2026-03-06 09:04:01"
"https://bestpsychicsadashiva.com/images/jinn-removal.webp","image/webp","200","OK","Indexable","","","0","0","","0","0","","0","0","","0","0","","0","0","","0","","0","","0","","0","","","","","","","","","","","98784","98784","98784","37.842","","0","","","","","0.000","3","1","","0","0","0","0.000","0","0","0","0","0","0","","","","","","0.729","Wed, 24 Dec 2025 05:03:53 GMT","","","","","1.1","","","","","","https://bestpsychicsadashiva.com/images/jinn-removal.webp","2026-03-06 09:04:01"
"https://bestpsychicsadashiva.com/images/hex-removal.webp","image/webp","200","OK","Indexable","","","0","0","","0","0","","0","0","","0","0","","0","0","","0","","0","","0","","0","","","","","","","","","","","232334","232334","232334","89.003","","0","","","","","0.000","3","1","","0","0","0","0.000","0","0","0","0","0","0","","","","","","0.733","Wed, 24 Dec 2025 05:03:53 GMT","","","","","1.1","","","","","","https://bestpsychicsadashiva.com/images/hex-removal.webp","2026-03-06 09:04:02"
